City_ID,City,Country,Date,Lat,Lng,Max Temp,Humidity,Cloudiness,Wind Speed
0,Ribeira Grande,PT,2021-12-11 16:31:32,38.5167,-28.7,66.6,82,40,18.41
1,Charters Towers,AU,2021-12-11 16:31:33,-20.1,146.2667,76.91,74,40,9.17
2,Port Hedland,AU,2021-12-11 16:31:33,-20.3167,118.5667,82.45,78,20,5.75
3,Qasigiannguit,GL,2021-12-11 16:31:33,68.8193,-51.1922,25.05,81,100,4.56
4,Kapaa,US,2021-12-11 16:27:44,22.0752,-159.319,75.52,80,40,14.97
5,Port Elizabeth,ZA,2021-12-11 16:31:34,-33.918,25.5701,68.09,88,75,12.66
6,Albany,US,2021-12-11 16:26:46,42.6001,-73.9662,54.63,93,100,1.01
7,Kanigiri,IN,2021-12-11 16:31:34,15.4,79.5167,73.96,87,0,2.51
8,Cayenne,GF,2021-12-11 16:28:25,4.9333,-52.3333,86.04,85,75,4.0
9,Nebbi,UG,2021-12-11 16:31:35,2.4783,31.0889,75.78,52,53,6.24
10,Dargaville,NZ,2021-12-11 16:31:35,-35.9333,173.8833,66.47,95,100,3.87
11,Kollegal,IN,2021-12-11 16:31:35,12.15,77.1167,68.18,91,16,4.09
12,Puerto Escondido,MX,2021-12-11 16:31:36,15.85,-97.0667,85.33,64,39,5.08
13,Codrington,AU,2021-12-11 16:31:36,-38.2667,141.9667,49.41,92,46,10.83
14,Mataura,NZ,2021-12-11 16:31:36,-46.1927,168.8643,44.47,81,28,1.48
15,Husavik,IS,2021-12-11 16:31:37,66.0449,-17.3389,40.91,84,99,14.32
16,Carnarvon,AU,2021-12-11 16:31:37,-24.8667,113.6333,69.87,73,40,19.57
17,Itarema,BR,2021-12-11 16:31:37,-2.9248,-39.9167,88.54,54,26,16.98
18,Busselton,AU,2021-12-11 16:31:38,-33.65,115.3333,56.08,83,49,12.19
19,Port Alfred,ZA,2021-12-11 16:31:38,-33.5906,26.891,70.72,86,48,6.11
20,Tukrah,LY,2021-12-11 16:31:38,32.5341,20.5791,61.56,53,0,21.41
21,Maceio,BR,2021-12-11 16:31:30,-9.6658,-35.7353,89.04,58,75,17.27
22,Upernavik,GL,2021-12-11 16:31:39,72.7868,-56.1549,0.75,93,100,11.45
23,Punta Arenas,CL,2021-12-11 16:31:39,-53.15,-70.9167,55.42,71,75,6.91
24,Mporokoso,ZM,2021-12-11 16:31:40,-9.3727,30.125,75.0,44,86,5.14
25,Marawi,PH,2021-12-11 16:27:52,7.9986,124.2928,68.65,96,86,1.12
26,La Palma,US,2021-12-11 16:31:40,33.8464,-118.0467,60.91,51,1,1.01
27,Nikolskoye,RU,2021-12-11 16:31:40,59.7035,30.7861,23.4,92,100,10.0
28,Pevek,RU,2021-12-11 16:31:41,69.7008,170.3133,-27.98,97,99,6.44
29,Cherskiy,RU,2021-12-11 16:31:41,68.75,161.3,-44.21,100,69,4.41
30,Rikitea,PF,2021-12-11 16:31:41,-23.1203,-134.9692,75.34,74,100,14.52
31,Arraial Do Cabo,BR,2021-12-11 16:31:42,-22.9661,-42.0278,87.76,69,0,12.66
32,Chapais,CA,2021-12-11 16:31:42,49.7834,-74.8492,17.38,95,100,16.49
33,Luzhou,CN,2021-12-11 16:27:59,28.8724,105.4405,50.79,89,100,4.65
34,Hithadhoo,MV,2021-12-11 16:31:43,-0.6,73.0833,80.44,80,63,11.56
35,Urumqi,CN,2021-12-11 16:31:43,43.801,87.6005,0.55,85,75,4.47
36,Lebu,CL,2021-12-11 16:31:43,-37.6167,-73.65,58.15,62,91,4.45
37,Dhidhdhoo,MV,2021-12-11 16:31:44,6.8833,73.1,82.13,72,21,8.63
38,Wilmington,US,2021-12-11 16:31:25,34.2257,-77.9447,77.0,76,20,17.27
39,Kavieng,PG,2021-12-11 16:31:44,-2.5744,150.7967,83.61,78,98,10.54
40,Outlook,CA,2021-12-11 16:31:44,51.5001,-107.0513,24.49,71,42,15.37
41,Bethel,US,2021-12-11 16:31:45,41.3712,-73.414,57.09,93,90,1.01
42,Poum,NC,2021-12-11 16:31:45,-20.2333,164.0167,81.68,78,100,14.72
43,Gat,IL,2021-12-11 16:32:45,31.61,34.7642,67.41,43,5,3.98
44,Camacha,PT,2021-12-11 16:32:46,33.0833,-16.3333,65.53,88,40,10.36
45,Thompson,CA,2021-12-11 16:32:46,55.7435,-97.8558,-11.04,84,20,5.75
46,Kruisfontein,ZA,2021-12-11 16:32:46,-34.0033,24.7314,65.88,71,73,7.02
47,Fukue,JP,2021-12-11 16:32:47,32.6881,128.8419,58.12,69,100,15.08
48,Torbay,CA,2021-12-11 16:30:20,47.6666,-52.7314,32.29,86,90,10.36
49,Qaanaaq,GL,2021-12-11 16:32:47,77.484,-69.3632,-4.0,66,36,6.38
50,Hobart,AU,2021-12-11 16:28:20,-42.8794,147.3294,50.05,78,90,0.0
51,Murray Bridge,AU,2021-12-11 16:31:11,-35.1167,139.2667,70.43,64,37,2.39
52,Victoria,HK,2021-12-11 16:27:59,22.2855,114.1577,69.94,84,1,8.01
53,Hermanus,ZA,2021-12-11 16:32:48,-34.4187,19.2345,69.91,70,70,19.37
54,Lazaro Cardenas,MX,2021-12-11 16:32:48,17.9583,-102.2,82.35,66,96,6.53
55,Kahului,US,2021-12-11 16:32:48,20.8947,-156.47,73.42,86,20,16.11
56,Linhares,BR,2021-12-11 16:32:49,-19.3911,-40.0722,81.59,75,65,5.53
57,Kedrovyy,RU,2021-12-11 16:32:49,56.1667,91.8167,21.87,95,100,10.58
58,Jos,NG,2021-12-11 16:32:49,9.9167,8.9,78.1,21,48,6.15
59,Araouane,ML,2021-12-11 16:32:49,18.9048,-3.5265,79.23,5,1,8.37
60,Tumpat,MY,2021-12-11 16:32:50,6.1978,102.171,80.58,78,40,6.91
61,Saldanha,ZA,2021-12-11 16:32:50,-33.0117,17.9442,64.42,75,51,7.16
62,Westport,US,2021-12-11 16:32:50,41.1415,-73.3579,57.79,97,90,1.01
63,Georgetown,MY,2021-12-11 16:31:59,5.4112,100.3354,82.89,76,20,1.01
64,Saint-Philippe,RE,2021-12-11 16:32:51,-21.3585,55.7679,78.39,77,51,10.47
65,Altay,CN,2021-12-11 16:32:51,47.8667,88.1167,13.17,51,0,7.67
66,Tiksi,RU,2021-12-11 16:32:51,71.6872,128.8694,-14.66,98,99,5.28
67,Tasiilaq,GL,2021-12-11 16:32:52,65.6145,-37.6368,39.36,67,100,15.7
68,Lagoa,PT,2021-12-11 16:32:52,39.05,-27.9833,64.09,84,99,18.39
69,Ushuaia,AR,2021-12-11 16:32:52,-54.8,-68.3,60.46,48,40,10.36
70,Dikson,RU,2021-12-11 16:32:53,73.5069,80.5464,-14.44,83,100,6.2
71,Lahaina,US,2021-12-11 16:32:53,20.8783,-156.6825,74.95,76,62,9.48
72,Angoche,MZ,2021-12-11 16:32:53,-16.2325,39.9086,81.68,78,21,15.9
73,Eyl,SO,2021-12-11 16:32:53,7.9803,49.8164,78.12,77,20,20.69
74,Pisco,PE,2021-12-11 16:32:54,-13.7,-76.2167,71.65,73,75,6.91
75,Nalut,LY,2021-12-11 16:32:54,30.3333,10.85,55.51,43,0,9.33
76,Namibe,AO,2021-12-11 16:32:54,-15.1961,12.1522,73.18,73,84,12.91
77,Jalu,LY,2021-12-11 16:32:55,29.0331,21.5482,61.61,44,53,6.53
78,Marquette,US,2021-12-11 16:32:55,46.5333,-87.6335,28.81,94,100,18.28
79,Provideniya,RU,2021-12-11 16:32:55,64.3833,-173.3,-6.79,80,99,9.4
80,Jamestown,US,2021-12-11 16:32:21,42.097,-79.2353,62.19,86,90,14.0
81,Kinablangan,PH,2021-12-11 16:32:56,7.6947,126.5503,78.78,85,73,7.16
82,Guerrero Negro,MX,2021-12-11 16:32:56,27.9769,-114.0611,63.03,60,0,1.54
83,Ilulissat,GL,2021-12-11 16:32:56,69.2167,-51.1,24.82,39,40,5.75
84,Mehamn,NO,2021-12-11 16:32:57,71.0357,27.8492,31.33,89,95,12.15
85,Rassvet,RU,2021-12-11 16:32:57,46.8333,40.75,33.55,97,45,15.66
86,Tuatapere,NZ,2021-12-11 16:32:57,-46.1333,167.6833,44.82,78,60,4.45
87,Hofn,IS,2021-12-11 16:32:58,64.2539,-15.2082,42.71,83,70,21.61
88,Derzhavinsk,KZ,2021-12-11 16:32:58,51.1,66.3167,16.79,89,100,6.98
89,Honiara,SB,2021-12-11 16:32:59,-9.4333,159.95,78.19,88,100,0.63
90,Haines Junction,CA,2021-12-11 16:33:59,60.7522,-137.5108,10.35,67,100,11.5
91,Yellowknife,CA,2021-12-11 16:33:41,62.456,-114.3525,-5.58,90,75,18.41
92,Smithers,CA,2021-12-11 16:33:59,54.7804,-127.1743,21.52,86,75,9.22
93,Hanzhong,CN,2021-12-11 16:34:00,33.0728,107.0303,42.73,85,100,1.97
94,Saskylakh,RU,2021-12-11 16:34:00,71.9167,114.0833,-40.5,100,100,2.84
95,Lahat,ID,2021-12-11 16:34:00,-3.8,103.5333,72.91,98,100,1.66
96,Constitucion,CL,2021-12-11 16:34:01,-35.3333,-72.4167,60.57,73,96,4.79
97,Batouri,CM,2021-12-11 16:34:01,4.4333,14.3667,81.1,30,90,1.86
98,Boyolangu,ID,2021-12-11 16:34:01,-8.1181,111.8935,76.51,91,93,4.61
99,Taoudenni,ML,2021-12-11 16:34:02,22.6783,-3.9836,75.92,13,68,10.13
100,Bredasdorp,ZA,2021-12-11 16:34:02,-34.5322,20.0403,68.29,60,97,14.32
101,Rawson,AR,2021-12-11 16:34:02,-43.3002,-65.1023,82.44,33,74,9.46
102,Vila Franca Do Campo,PT,2021-12-11 16:34:03,37.7167,-25.4333,66.61,81,33,14.2
103,Barrow,US,2021-12-11 16:32:02,71.2906,-156.7887,1.42,85,90,11.5
104,Hasaki,JP,2021-12-11 16:34:03,35.7333,140.8333,39.6,63,7,7.52
105,Avarua,CK,2021-12-11 16:34:03,-21.2078,-159.775,73.45,94,99,3.44
106,Kijang,KR,2021-12-11 16:34:04,35.2442,129.2139,47.93,60,99,5.53
107,Kapit,MY,2021-12-11 16:30:19,2.0167,112.9333,73.98,100,100,0.36
108,Butaritari,KI,2021-12-11 16:34:04,3.0707,172.7902,82.99,76,63,15.59
109,Suntar,RU,2021-12-11 16:34:04,62.1444,117.6319,-20.27,96,62,5.86
110,Vaini,TO,2021-12-11 16:34:05,-21.2,-175.2,75.36,100,20,3.44
111,Grand-Lahou,CI,2021-12-11 16:34:06,5.1367,-5.0242,83.43,71,90,10.18
112,Narsaq,GL,2021-12-11 16:34:06,60.9167,-46.05,25.02,82,100,3.11
113,Makakilo City,US,2021-12-11 16:34:06,21.3469,-158.0858,72.68,77,20,5.75
114,Enid,US,2021-12-11 16:34:07,36.3956,-97.8784,39.02,61,1,7.0
115,Kaitangata,NZ,2021-12-11 16:34:07,-46.2817,169.8464,46.92,70,20,4.97
116,Mogadishu,SO,2021-12-11 16:31:14,2.0371,45.3438,79.32,80,64,18.61
117,Hualmay,PE,2021-12-11 16:34:07,-11.0964,-77.6139,72.09,73,53,12.33
118,Puerto Ayora,EC,2021-12-11 16:34:01,-0.7393,-90.3518,78.76,91,100,7.72
119,Chuy,UY,2021-12-11 16:34:08,-33.6971,-53.4616,74.52,54,14,11.1
120,Cape Town,ZA,2021-12-11 16:34:08,-33.9258,18.4232,70.12,69,20,5.01
121,Egvekinot,RU,2021-12-11 16:34:09,66.3167,-179.1667,-26.28,81,16,5.37
122,Beira,MZ,2021-12-11 16:29:13,-19.8436,34.8389,82.49,83,20,18.41
123,Channel-Port Aux Basques,CA,2021-12-11 16:30:20,47.5702,-59.1367,37.69,75,100,10.04
124,Atuona,PF,2021-12-11 16:33:24,-9.8,-139.0333,78.69,74,43,17.85
125,Tuktoyaktuk,CA,2021-12-11 16:34:09,69.4541,-133.0374,-13.0,77,75,9.22
126,Ponta Do Sol,PT,2021-12-11 16:34:10,32.6667,-17.1,69.01,59,24,7.18
127,Fare,PF,2021-12-11 16:34:10,-16.7,-151.0167,80.28,73,97,11.39
128,Hilo,US,2021-12-11 16:34:07,19.7297,-155.09,73.27,43,90,5.75
129,Susanville,US,2021-12-11 16:34:10,40.4163,-120.653,24.64,86,1,0.0
130,Longyearbyen,SJ,2021-12-11 16:34:11,78.2186,15.6401,31.84,80,75,11.5
131,Komsomolskiy,UZ,2021-12-11 16:34:11,40.4272,71.7189,35.02,55,0,6.91
132,Boma,GH,2021-12-11 16:34:12,7.0805,-2.1697,90.64,22,78,3.0
133,Hvide Sande,DK,2021-12-11 16:34:12,56.0045,8.1294,34.09,73,68,5.32
134,Arman,RU,2021-12-11 16:34:12,59.7,150.1667,5.2,88,100,7.36
135,Fortuna,US,2021-12-11 16:34:11,40.5982,-124.1573,52.32,69,90,3.0
136,Airai,TL,2021-12-11 16:35:13,-8.9266,125.4092,62.55,93,99,0.78
137,High Level,CA,2021-12-11 16:35:13,58.5169,-117.136,10.51,92,90,3.44
138,Sitka,US,2021-12-11 16:33:05,57.0531,-135.33,31.89,86,75,9.22
139,Bentiu,SS,2021-12-11 16:35:14,9.2333,29.8333,85.98,23,16,4.83
140,Talcahuano,CL,2021-12-11 16:30:24,-36.7167,-73.1167,62.28,59,90,9.22
141,Castro,BR,2021-12-11 16:34:59,-24.7911,-50.0119,83.5,32,75,6.2
142,Olafsvik,IS,2021-12-11 16:35:14,64.8945,-23.7142,40.15,81,100,20.98
143,Laela,TZ,2021-12-11 16:35:15,-8.5667,32.05,73.8,37,86,3.0
144,Port Macquarie,AU,2021-12-11 16:35:15,-31.4333,152.9167,62.56,76,71,7.83
145,Mount Gambier,AU,2021-12-11 16:35:15,-37.8333,140.7667,53.51,82,66,6.91
146,Mandalgovi,MN,2021-12-11 16:35:16,45.7625,106.2708,6.75,56,0,8.1
147,Bluff,NZ,2021-12-11 16:35:16,-46.6,168.3333,44.8,67,9,4.32
148,Road Town,VG,2021-12-11 16:35:16,18.4167,-64.6167,84.29,65,40,11.5
149,Mar Del Plata,AR,2021-12-11 16:34:52,-38.0023,-57.5575,73.42,91,75,20.0
150,Puri,IN,2021-12-11 16:35:17,19.8,85.85,73.92,68,16,9.44
151,Leopold,AU,2021-12-11 16:35:17,-38.1833,144.4667,56.97,82,75,14.97
152,Saint George,US,2021-12-11 16:31:08,37.1041,-113.5841,36.54,61,1,0.0
153,Lubin,PL,2021-12-11 16:35:17,51.4009,16.2015,31.89,96,16,4.99
154,Ahipara,NZ,2021-12-11 16:35:18,-35.1667,173.1667,67.75,96,100,6.71
155,Saint Anthony,US,2021-12-11 16:35:18,45.0205,-93.218,29.25,82,1,3.0
156,Enshi,CN,2021-12-11 16:35:18,30.3,109.4833,46.47,94,100,5.55
157,Bambous Virieux,MU,2021-12-11 16:35:19,-20.3428,57.7575,79.21,78,40,12.66
158,Cassilandia,BR,2021-12-11 16:35:19,-19.1133,-51.7342,90.37,38,12,2.19
159,Lagos De Moreno,MX,2021-12-11 16:35:19,21.35,-101.9167,72.28,21,70,0.96
160,Maningrida,AU,2021-12-11 16:35:20,-12.0667,134.2667,83.79,72,34,3.22
161,Agirish,RU,2021-12-11 16:35:20,61.9247,63.0231,7.2,91,32,7.4
162,Ukiah,US,2021-12-11 16:35:20,39.1502,-123.2078,47.97,91,88,2.66
163,Sao Filipe,CV,2021-12-11 16:35:21,14.8961,-24.4956,75.72,67,85,6.44
164,Campos,BR,2021-12-11 16:35:21,-21.75,-41.3,87.85,51,40,6.91
165,Grindavik,IS,2021-12-11 16:35:21,63.8424,-22.4338,41.47,81,75,34.52
166,Dingle,PH,2021-12-11 16:33:28,10.9995,122.6711,75.69,94,97,8.52
167,Tura,IN,2021-12-11 16:35:22,25.5198,90.2201,56.97,54,0,3.02
168,Krasnaya Zarya,RU,2021-12-11 16:35:22,52.7825,37.6806,27.3,76,98,12.28
169,Kodiak,US,2021-12-11 16:35:22,57.79,-152.4072,18.91,42,20,29.93
170,Jumla,NP,2021-12-11 16:35:23,29.2747,82.1838,35.94,43,0,5.57
171,Leningradskiy,RU,2021-12-11 16:35:23,69.3833,178.4167,-24.25,87,40,10.54
172,Nazca,PE,2021-12-11 16:35:23,-14.8333,-74.95,81.1,50,38,7.47
173,Ancud,CL,2021-12-11 16:35:24,-41.8697,-73.8203,60.33,78,54,20.0
174,Casablanca,MA,2021-12-11 16:35:08,33.5928,-7.6192,66.42,63,0,13.0
175,Benin,BJ,2021-12-11 16:35:24,9.5,2.25,90.77,16,54,3.51
176,Samana,DO,2021-12-11 16:35:24,19.2056,-69.3369,82.62,78,40,6.91
177,Mount Isa,AU,2021-12-11 16:35:25,-20.7333,139.5,71.37,21,0,0.0
178,Vila Velha,BR,2021-12-11 16:35:25,-20.3297,-40.2925,85.95,69,75,11.99
179,Talnakh,RU,2021-12-11 16:36:26,69.4865,88.3972,-25.67,83,81,2.64
180,Chokurdakh,RU,2021-12-11 16:31:49,70.6333,147.9167,-48.71,100,67,2.35
181,Benito Juarez,MX,2021-12-11 16:36:26,19.385,-99.165,64.0,40,40,1.99
182,Salalah,OM,2021-12-11 16:36:26,17.0151,54.0924,78.89,53,0,3.44
183,Doha,QA,2021-12-11 16:31:33,25.2867,51.5333,70.11,66,0,12.66
184,Mana,GF,2021-12-11 16:36:27,5.6592,-53.7767,83.55,71,88,10.25
185,Luquillo,PR,2021-12-11 16:36:27,18.3725,-65.7166,85.8,74,75,17.27
186,Santiago Del Estero,AR,2021-12-11 16:36:27,-27.7951,-64.2615,92.82,31,20,8.79
187,Springbok,ZA,2021-12-11 16:36:28,-29.6643,17.8865,69.76,31,0,13.27
188,Eldorado,BR,2021-12-11 16:36:28,-23.7869,-54.2836,96.08,16,89,4.65
189,Springdale,US,2021-12-11 16:33:21,36.1867,-94.1288,40.75,63,1,11.99
190,Assiniboia,CA,2021-12-11 16:36:29,49.6334,-105.9845,26.42,63,49,24.16
191,Los Llanos De Aridane,ES,2021-12-11 16:36:30,28.6585,-17.9182,65.12,71,75,11.99
192,Severo-Kurilsk,RU,2021-12-11 16:36:31,50.6789,156.125,34.63,90,100,25.59
193,Broome,US,2021-12-11 16:36:31,42.2506,-75.833,51.51,81,90,3.0
194,Holme,DK,2021-12-11 16:36:31,56.1138,10.1725,33.64,92,99,4.7
195,Paamiut,GL,2021-12-11 16:36:31,61.994,-49.6678,21.97,94,100,15.01
196,Amarkantak,IN,2021-12-11 16:36:32,22.6667,81.75,50.67,38,0,4.56
197,Calabozo,VE,2021-12-11 16:36:32,8.9242,-67.4293,94.59,32,87,5.44
198,Iqaluit,CA,2021-12-11 16:36:13,63.7506,-68.5145,-9.31,63,20,10.0
199,Svetlogorsk,BY,2021-12-11 16:36:32,52.6333,29.7333,39.38,88,100,13.11
200,Norman Wells,CA,2021-12-11 16:36:33,65.282,-126.8329,-3.96,71,90,11.5
201,Beringovskiy,RU,2021-12-11 16:36:33,63.05,179.3167,-22.0,96,40,5.64
202,Porto Velho,BR,2021-12-11 16:36:33,-8.7619,-63.9039,86.05,66,20,3.44
203,Port Blair,IN,2021-12-11 16:36:34,11.6667,92.75,80.58,75,82,12.1
204,Tomatlan,MX,2021-12-11 16:36:34,19.9333,-105.25,85.03,25,97,2.37
205,Karaton,ID,2021-12-11 16:36:34,-6.3424,106.1045,77.16,93,89,3.87
206,Sioux Lookout,CA,2021-12-11 16:36:35,50.1001,-91.917,10.78,92,40,5.75
207,Mahebourg,MU,2021-12-11 16:36:10,-20.4081,57.7,79.25,78,40,12.66
208,Khatanga,RU,2021-12-11 16:36:16,71.9667,102.5,-41.3,99,63,5.57
209,Akdepe,TM,2021-12-11 16:36:35,42.0551,59.3788,48.29,65,98,10.31
210,Madimba,TZ,2021-12-11 16:36:36,-10.4,40.3333,79.29,81,69,9.91
211,Darnah,LY,2021-12-11 16:36:36,32.767,22.6367,62.69,51,0,24.79
212,Amarante Do Maranhao,BR,2021-12-11 16:36:36,-5.5667,-46.7422,82.98,79,71,6.69
213,Teguise,ES,2021-12-11 16:36:36,29.0605,-13.564,64.62,64,40,17.27
214,Polovinnoye,RU,2021-12-11 16:36:37,54.7914,65.9864,4.77,93,100,7.2
215,Agropoli,IT,2021-12-11 16:36:38,40.3469,14.9966,50.27,87,87,6.89
216,Aksarka,RU,2021-12-11 16:36:38,66.5606,67.7975,-6.52,100,73,4.5
217,Thinadhoo,MV,2021-12-11 16:36:39,0.5333,72.9333,82.15,75,23,7.56
218,Jeremie,HT,2021-12-11 16:36:39,18.65,-74.1167,83.32,67,15,7.09
219,Masvingo,ZW,2021-12-11 16:36:39,-20.0637,30.8277,83.39,28,81,8.68
220,Zanjan,IR,2021-12-11 16:36:39,36.6736,48.4787,40.06,36,0,3.15
221,Katsuura,JP,2021-12-11 16:36:40,35.1333,140.3,50.11,68,4,7.18
222,Worland,US,2021-12-11 16:36:40,44.0169,-107.9554,20.55,72,1,0.0
223,Price,US,2021-12-11 16:36:40,39.5994,-110.8107,21.42,73,1,0.0
224,Oksfjord,NO,2021-12-11 16:36:41,70.2396,22.3479,32.92,75,21,6.49
225,Pompeu,BR,2021-12-11 16:37:41,-19.2244,-44.9353,82.67,48,27,4.34
226,Isla Vista,US,2021-12-11 16:37:41,34.4133,-119.861,63.12,65,1,0.0
227,Zyryanovsk,KZ,2021-12-11 16:37:42,49.7386,84.2719,-13.13,95,16,2.26
228,Sturgeon Falls,CA,2021-12-11 16:37:42,46.3646,-79.9326,42.89,100,100,14.25
229,North Bend,US,2021-12-11 16:37:42,43.4065,-124.2243,50.86,93,90,19.57
230,Monrovia,LR,2021-12-11 16:37:43,6.3005,-10.7969,84.02,66,57,7.34
231,East London,ZA,2021-12-11 16:33:03,-33.0153,27.9116,68.94,94,20,10.36
232,Clyde River,CA,2021-12-11 16:37:43,70.4692,-68.5914,-17.27,96,34,4.52
233,Rayevskiy,RU,2021-12-11 16:37:44,54.0658,54.9468,13.98,90,5,7.02
234,Pucallpa,PE,2021-12-11 16:37:44,-8.3791,-74.5539,84.24,70,75,3.44
235,Nyurba,RU,2021-12-11 16:37:44,63.2842,118.3319,-26.12,100,98,4.07
236,Sutatausa,CO,2021-12-11 16:36:52,5.2478,-73.8524,59.83,59,100,3.33
237,Bereda,ES,2021-12-11 16:37:45,43.2686,-7.5406,55.15,92,61,1.28
238,Trabzon,TR,2021-12-11 16:37:45,40.9167,39.8333,53.69,41,0,6.91
239,Santa Cruz De Tenerife,ES,2021-12-11 16:37:45,28.4682,-16.2546,72.21,71,40,5.01
240,Pangnirtung,CA,2021-12-11 16:36:16,66.1451,-65.7125,-2.2,84,75,2.3
241,Klaksvik,FO,2021-12-11 16:37:46,62.2266,-6.589,45.52,75,100,22.39
242,Hemsedal,NO,2021-12-11 16:37:46,60.8629,8.5534,10.99,98,82,5.01
243,Gunzburg,DE,2021-12-11 16:37:46,48.45,10.2667,35.87,87,84,4.43
244,Nishihara,JP,2021-12-11 16:37:47,26.1842,127.7558,67.28,68,20,5.75
245,California City,US,2021-12-11 16:37:47,35.1258,-117.9859,50.9,53,1,0.0
246,Vallenar,CL,2021-12-11 16:37:48,-28.5708,-70.7581,79.23,27,0,9.17
247,Ugoofaaru,MV,2021-12-11 16:37:48,5.6667,73.0,82.27,72,79,11.18
248,Rocha,UY,2021-12-11 16:33:26,-34.4833,-54.3333,78.35,44,13,11.23
249,Alta Floresta,BR,2021-12-11 16:37:49,-9.8756,-56.0861,81.66,85,100,4.16
250,Chihuahua,MX,2021-12-11 16:37:49,28.5,-106.0,47.23,55,5,6.26
251,Maarianhamina,AX,2021-12-11 16:37:49,60.0973,19.9348,37.26,100,90,3.44
252,Gandajika,CD,2021-12-11 16:37:50,-6.75,23.95,72.43,91,100,3.33
253,Lewiston,US,2021-12-11 16:37:50,44.1003,-70.2148,44.4,97,90,4.61
254,Tvoroyri,FO,2021-12-11 16:37:50,61.5556,-6.8111,45.79,77,100,22.95
255,Bilibino,RU,2021-12-11 16:37:51,68.0546,166.4372,-40.97,100,56,3.06
256,Gualeguay,AR,2021-12-11 16:37:51,-33.1416,-59.3097,90.81,27,39,1.05
257,Shenjiamen,CN,2021-12-11 16:37:51,29.9576,122.298,56.41,75,5,8.61
258,Filadelfia,US,2021-12-11 16:36:46,39.9523,-75.1638,61.21,89,90,11.99
259,Half Moon Bay,US,2021-12-11 16:33:18,37.4636,-122.4286,52.92,80,1,3.44
260,Lakatoro,VU,2021-12-11 16:37:52,-16.0999,167.4164,81.45,82,100,9.28
261,Fukuma,JP,2021-12-11 16:37:52,33.7667,130.4667,54.16,74,69,10.94
262,Laguna,US,2021-12-11 16:37:53,38.421,-121.4238,51.08,94,1,0.0
263,Boa Vista,BR,2021-12-11 16:37:11,2.8197,-60.6733,87.78,58,75,6.91
264,Fairbanks,US,2021-12-11 16:37:53,64.8378,-147.7164,2.23,78,90,1.01
265,Hwange,ZW,2021-12-11 16:37:53,-18.3693,26.5019,88.32,24,79,3.67
266,Lusambo,CD,2021-12-11 16:37:54,-4.9667,23.45,71.02,98,100,1.99
267,Vostok,RU,2021-12-11 16:37:54,46.4856,135.8833,13.17,96,100,3.42
268,Nanortalik,GL,2021-12-11 16:37:54,60.1432,-45.2371,27.66,81,100,24.18
269,Shankargarh,IN,2021-12-11 16:37:55,25.1833,81.6167,60.21,47,0,3.4
270,Coquimbo,CL,2021-12-11 16:37:55,-29.9533,-71.3436,67.73,59,40,10.36
271,Hirara,JP,2021-12-11 16:38:56,24.8,125.2833,72.72,59,18,11.79
272,Cedar Lake,US,2021-12-11 16:38:56,41.3648,-87.4411,36.1,78,100,21.9
273,Nantucket,US,2021-12-11 16:35:31,41.2835,-70.0995,59.61,94,90,19.57
274,Zyryanka,RU,2021-12-11 16:38:56,65.75,150.85,-46.82,96,85,3.31
275,Buala,SB,2021-12-11 16:38:57,-8.145,159.5921,80.53,84,100,6.26
276,Portland,US,2021-12-11 16:37:03,45.5234,-122.6762,48.13,91,90,8.01
277,Korla,CN,2021-12-11 16:38:57,41.7597,86.1469,23.11,67,4,2.64
278,Spoleto,IT,2021-12-11 16:38:57,42.7448,12.7374,44.44,95,99,11.86
279,Tecoanapa,MX,2021-12-11 16:38:58,16.5167,-98.75,84.96,60,70,2.44
280,Vasilyevskiy Mokh,RU,2021-12-11 16:38:59,57.0132,35.919,9.82,89,95,7.29
281,Santa Cruz,BO,2021-12-11 16:38:23,-17.8,-63.1667,89.65,58,40,11.5
282,Jaguarao,BR,2021-12-11 16:38:59,-32.5661,-53.3758,80.11,42,16,5.99
283,Porbandar,IN,2021-12-11 16:38:59,21.6422,69.6093,75.87,46,0,10.29
284,Namatanai,PG,2021-12-11 16:39:00,-3.6667,152.4333,81.07,83,99,9.28
285,Hailar,CN,2021-12-11 16:39:00,49.2,119.7,1.76,86,39,13.4
286,Yumen,CN,2021-12-11 16:39:00,40.2833,97.2,22.17,50,0,6.44
287,Colares,PT,2021-12-11 16:39:00,38.7992,-9.4469,64.08,74,20,1.01
288,Labytnangi,RU,2021-12-11 16:39:01,66.6572,66.4183,-5.12,97,21,3.2
289,Nome,US,2021-12-11 16:39:01,64.5011,-165.4064,-5.73,71,1,6.91
290,Tessalit,ML,2021-12-11 16:34:09,20.1986,1.0114,77.86,7,31,7.92
291,Wuwei,CN,2021-12-11 16:39:02,37.9281,102.6414,24.37,61,35,3.22
292,Kutum,SD,2021-12-11 16:39:02,14.2,24.6667,72.1,17,2,9.01
293,San Patricio,US,2021-12-11 16:39:02,28.017,-97.5169,66.61,30,37,24.79
294,Hami,CN,2021-12-11 16:39:02,42.8,93.45,22.62,48,0,4.21
295,Marsh Harbour,BS,2021-12-11 16:35:30,26.5412,-77.0636,77.76,69,41,13.13
296,Hagerstown,US,2021-12-11 16:38:57,39.6418,-77.72,61.47,88,20,13.0
297,Pechenga,RU,2021-12-11 16:39:03,69.5259,31.1703,16.66,94,72,6.96
298,Trelew,AR,2021-12-11 16:39:03,-43.249,-65.3051,90.57,17,68,15.75
299,Tiarei,PF,2021-12-11 16:39:04,-17.5333,-149.3333,78.82,70,29,11.3
300,Paso De Carrasco,UY,2021-12-11 16:39:04,-34.8603,-56.0522,79.25,69,20,12.66
301,Batagay-Alyta,RU,2021-12-11 16:39:05,67.8006,130.4114,-19.44,99,100,1.36
302,Sur,OM,2021-12-11 16:39:05,22.5667,59.5289,71.38,59,38,4.14
303,Collie,AU,2021-12-11 16:39:05,-33.3667,116.15,53.98,92,65,5.5
304,Kaliua,TZ,2021-12-11 16:39:06,-5.0606,31.7936,75.27,52,89,0.78
305,Iberia,US,2021-12-11 16:39:06,29.9502,-91.7507,66.97,88,90,13.8
306,Itoman,JP,2021-12-11 16:39:07,26.1247,127.6694,68.02,68,20,5.75
307,Shnogh,AM,2021-12-11 16:39:07,41.1469,44.8404,40.68,52,74,4.65
308,Amapa,BR,2021-12-11 16:39:07,1.0,-52.0,82.08,89,90,3.69
309,Vao,NC,2021-12-11 16:39:07,-22.6667,167.4833,78.48,85,100,16.24
310,Yulara,AU,2021-12-11 16:39:08,-25.2406,130.9889,80.44,19,39,8.05
311,New Norfolk,AU,2021-12-11 16:39:08,-42.7826,147.0587,49.71,63,77,1.61
312,Ucluelet,CA,2021-12-11 16:39:08,48.9329,-125.5528,42.1,81,100,16.24
313,Mujiayingzi,CN,2021-12-11 16:39:09,42.1167,118.7833,19.45,47,5,13.31
314,Miranda De Ebro,ES,2021-12-11 16:39:09,42.6865,-2.947,52.25,93,100,4.97
315,Bonthe,SL,2021-12-11 16:39:10,7.5264,-12.505,84.69,65,76,10.47
316,Winnemucca,US,2021-12-11 16:39:10,40.973,-117.7357,30.25,64,75,20.71
317,Minden,DE,2021-12-11 16:40:11,52.2833,8.9167,35.98,92,20,9.22
318,Bahia Blanca,AR,2021-12-11 16:37:22,-38.7196,-62.2724,87.57,32,21,8.61
319,Tual,ID,2021-12-11 16:40:12,-5.6667,132.75,84.06,76,96,14.12
320,Kilindoni,TZ,2021-12-11 16:40:12,-7.9139,39.6668,80.22,78,24,11.07
321,Conceicao Da Barra,BR,2021-12-11 16:40:12,-18.5933,-39.7322,81.34,67,77,8.88
322,Normandin,CA,2021-12-11 16:36:41,48.8333,-72.5321,25.11,86,100,4.61
323,Seybaplaya,MX,2021-12-11 16:40:13,19.65,-90.6667,81.86,56,7,6.11
324,Grand-Santi,GF,2021-12-11 16:40:13,4.25,-54.3833,80.92,93,100,4.09
325,Lompoc,US,2021-12-11 16:39:52,34.6391,-120.4579,60.13,74,1,9.22
326,Amasya,TR,2021-12-11 16:40:13,40.6667,35.8333,42.48,54,75,3.56
327,Harper,LR,2021-12-11 16:40:14,4.375,-7.7169,83.08,72,96,11.05
328,Kieta,PG,2021-12-11 16:40:14,-6.2167,155.6333,80.13,81,76,3.0
329,Yar-Sale,RU,2021-12-11 16:40:15,66.8333,70.8333,-5.6,98,32,7.87
330,Sinazongwe,ZM,2021-12-11 16:40:15,-17.2614,27.4618,86.92,39,6,4.05
331,Richards Bay,ZA,2021-12-11 16:40:15,-28.783,32.0377,78.66,80,41,12.21
332,Innisfail,AU,2021-12-11 16:39:01,-17.5333,146.0333,78.15,86,100,2.77
333,Vestmanna,FO,2021-12-11 16:40:16,62.1564,-7.1664,43.72,93,90,17.27
334,Port Hardy,CA,2021-12-11 16:40:16,50.6996,-127.4199,41.76,100,75,10.36
335,Hervey Bay,AU,2021-12-11 16:40:16,-25.2986,152.8535,73.04,75,58,15.61
336,Quang Ngai,VN,2021-12-11 16:40:11,15.1167,108.8,69.94,93,72,6.04
337,Souillac,MU,2021-12-11 16:40:17,-20.5167,57.5167,79.36,78,40,12.66
338,Ornskoldsvik,SE,2021-12-11 16:40:17,63.2909,18.7153,30.02,100,90,3.44
339,Vestmannaeyjar,IS,2021-12-11 16:40:18,63.4427,-20.2734,43.79,87,75,28.77
340,Kemijarvi,FI,2021-12-11 16:40:18,66.7131,27.4306,24.58,97,100,3.78
341,Byron Bay,AU,2021-12-11 16:40:18,-28.65,153.6167,69.06,87,72,10.27
342,Canyon Lake,US,2021-12-11 16:40:19,29.8752,-98.2625,56.41,38,100,4.0
343,Havre-Saint-Pierre,CA,2021-12-11 16:40:19,50.2334,-63.5986,27.19,68,1,6.91
344,Baykit,RU,2021-12-11 16:40:19,61.67,96.37,4.21,98,100,1.92
345,Naze,JP,2021-12-11 16:37:20,28.3667,129.4833,63.63,65,75,5.86
346,Maiduguri,NG,2021-12-11 16:40:20,11.8464,13.1603,79.12,21,7,10.69
347,Suez,EG,2021-12-11 16:40:20,29.9737,32.5263,64.99,39,68,6.22
348,Salinopolis,BR,2021-12-11 16:40:20,-0.6136,-47.3561,85.33,66,45,14.65
349,Sobolevo,RU,2021-12-11 16:40:21,54.4299,31.8996,29.17,89,100,14.36
350,Mitu,CO,2021-12-11 16:40:21,1.1983,-70.1733,88.32,51,97,5.1
351,Miranda,CO,2021-12-11 16:40:21,3.2499,-76.2281,68.13,96,100,2.26
352,Palimbang,PH,2021-12-11 16:40:21,6.2106,124.1894,78.69,86,93,2.55
353,Kovdor,RU,2021-12-11 16:40:22,67.5662,30.4758,21.06,97,99,4.09
354,Pontivy,FR,2021-12-11 16:40:22,48.0,-3.0,54.25,96,99,5.84
355,General Pico,AR,2021-12-11 16:40:22,-35.6566,-63.7568,88.07,34,0,7.31
356,Pontal Do Parana,BR,2021-12-11 16:40:23,-25.6533,-48.5128,98.73,61,10,10.42
357,Gidole,ET,2021-12-11 16:40:23,5.65,37.3667,62.04,28,0,3.67
358,San Jose,US,2021-12-11 16:36:55,37.3394,-121.895,52.86,63,20,0.0
359,Fort Nelson,CA,2021-12-11 16:35:35,58.8053,-122.7002,-0.81,85,75,0.0
360,Luderitz,NA,2021-12-11 16:40:23,-26.6481,15.1594,67.37,68,0,16.55
361,Bintulu,MY,2021-12-11 16:38:15,3.1667,113.0333,77.41,100,40,5.01
362,Haimen,CN,2021-12-11 16:40:24,23.1935,116.6142,60.69,88,23,13.29
363,Sale,MA,2021-12-11 16:41:24,34.0389,-6.8166,64.63,77,40,9.22
364,Muros,ES,2021-12-11 16:38:12,42.7762,-9.0603,59.99,89,54,3.24
365,Lorengau,PG,2021-12-11 16:39:32,-2.0226,147.2712,81.86,85,100,12.82
366,Aksu,CN,2021-12-11 16:41:25,41.1231,80.2644,23.2,67,7,2.1
367,Ulcinj,ME,2021-12-11 16:41:25,41.9294,19.2244,49.91,88,100,10.63
368,Krasnovka,RU,2021-12-11 16:41:25,48.8177,40.0923,31.1,84,73,11.05
369,Vanimo,PG,2021-12-11 16:41:26,-2.6741,141.3028,79.03,90,100,9.44
370,Neuquen,AR,2021-12-11 16:41:26,-38.9516,-68.0591,78.69,22,75,12.66
371,Linares,CL,2021-12-11 16:41:27,-35.85,-71.6,64.98,63,100,5.48
372,Ulaangom,MN,2021-12-11 16:41:27,49.9811,92.0667,-1.26,90,81,5.17
373,Dehui,CN,2021-12-11 16:41:27,44.5333,125.7,19.71,58,42,14.47
374,Raul Soares,BR,2021-12-11 16:41:28,-20.1022,-42.4519,83.75,61,55,4.99
375,Port-Cartier,CA,2021-12-11 16:41:28,50.0334,-66.8654,18.75,82,87,6.2
376,Kadoma,JP,2021-12-11 16:41:28,34.7333,135.5833,53.58,78,88,2.28
377,Zarinsk,RU,2021-12-11 16:41:29,53.7074,84.9493,3.34,93,100,4.83
378,Trairi,BR,2021-12-11 16:36:40,-3.2778,-39.2689,88.81,53,38,14.63
379,Atar,MR,2021-12-11 16:41:29,20.5169,-13.0499,85.37,8,3,10.78
380,Bengkulu,ID,2021-12-11 16:41:29,-3.8004,102.2655,76.55,88,96,3.6
381,Kangaatsiaq,GL,2021-12-11 16:41:30,68.3065,-53.4641,19.18,82,100,5.61
382,Roald,NO,2021-12-11 16:41:30,62.5833,6.1333,35.33,75,0,8.05
383,Noumea,NC,2021-12-11 16:41:30,-22.2763,166.4572,76.98,83,100,8.12
384,Lima,PE,2021-12-11 16:36:55,-12.0432,-77.0282,66.45,77,90,13.8
385,Faya,SA,2021-12-11 16:41:31,18.3851,42.4509,60.91,32,29,6.35
386,Geraldton,AU,2021-12-11 16:41:31,-28.7667,114.6,66.61,68,3,12.66
387,Cuamba,MZ,2021-12-11 16:41:31,-14.8031,36.5372,83.21,27,10,5.28
388,Prince Rupert,CA,2021-12-11 16:41:31,54.3161,-130.3201,37.09,75,90,10.36
389,Santa Helena De Goias,BR,2021-12-11 16:41:32,-17.8136,-50.5969,90.43,36,40,2.26
390,Apatou,GF,2021-12-11 16:41:32,5.155,-54.3472,81.86,91,99,4.05
391,Bulawayo,ZW,2021-12-11 16:41:32,-20.15,28.5833,79.74,31,86,8.9
392,Dunedin,NZ,2021-12-11 16:38:21,-45.8742,170.5036,49.8,62,30,5.99
393,Flinders,AU,2021-12-11 16:37:22,-34.5833,150.8552,61.18,85,95,12.28
394,Ranfurly,NZ,2021-12-11 16:41:33,-45.1333,170.1,43.65,89,99,3.44
395,Ringebu,NO,2021-12-11 16:41:33,61.5167,10.1667,16.72,99,100,0.65
396,Vardo,NO,2021-12-11 16:41:34,70.3705,31.1107,28.8,80,68,15.1
397,Magadan,RU,2021-12-11 16:41:34,59.5667,150.8,11.5,87,100,10.04
398,Temir,KZ,2021-12-11 16:41:34,49.1414,57.13,19.47,82,87,15.55
399,Soto La Marina,MX,2021-12-11 16:41:34,23.7667,-98.2167,76.77,58,36,10.42
400,Oriximina,BR,2021-12-11 16:41:35,-1.7656,-55.8661,84.92,71,86,2.82
401,Redlands,US,2021-12-11 16:41:35,34.0556,-117.1825,57.0,47,5,0.31
402,Langxiang,CN,2021-12-11 16:41:35,46.95,128.8833,18.09,95,100,1.79
403,Qiongshan,CN,2021-12-11 16:41:36,20.0058,110.3542,67.98,88,0,4.47
404,Tuy Hoa,VN,2021-12-11 16:41:36,13.0833,109.3,71.83,92,97,8.48
405,Seoul,KR,2021-12-11 16:40:12,37.5683,126.9778,40.44,93,75,1.14
406,Tonota,BW,2021-12-11 16:41:36,-21.4833,27.4833,84.58,31,99,6.76
407,Cabo San Lucas,MX,2021-12-11 16:38:35,22.8909,-109.9124,76.51,74,20,2.3
408,Lagoa Santa,BR,2021-12-11 16:41:37,-19.6272,-43.8897,91.62,49,40,4.61
409,Kloulklubed,PW,2021-12-11 16:41:37,7.0419,134.2556,79.3,77,38,12.08
410,Axim,GH,2021-12-11 16:41:37,4.8699,-2.2405,82.87,72,80,9.42
411,Taicheng,CN,2021-12-11 16:42:38,38.731,113.228,25.54,55,96,6.62
412,Bilma,NE,2021-12-11 16:42:38,18.6853,12.9164,70.92,9,21,7.18
413,Boryslav,UA,2021-12-11 16:42:38,49.2867,23.4324,35.15,100,87,2.35
414,Sirjan,IR,2021-12-11 16:42:39,29.452,55.6814,51.73,20,36,0.58
415,Chebsara,RU,2021-12-11 16:42:39,59.2002,38.8356,0.73,88,87,7.87
416,Tynda,RU,2021-12-11 16:42:39,55.1667,124.7167,-3.62,85,100,5.26
417,Salsomaggiore Terme,IT,2021-12-11 16:42:40,44.8148,9.9796,39.69,84,2,4.68
418,Faanui,PF,2021-12-11 16:42:40,-16.4833,-151.75,80.26,73,86,13.06
419,Long Xuyen,VN,2021-12-11 16:42:40,10.3833,105.4167,73.35,75,51,6.08
420,Strezhevoy,RU,2021-12-11 16:42:41,60.7333,77.5889,6.78,93,97,12.97
421,Esperance,AU,2021-12-11 16:42:41,-33.8667,121.9,58.84,76,0,12.5
422,Katherine,AU,2021-12-11 16:42:41,-14.4667,132.2667,82.72,57,36,3.44
423,Tiznit,MA,2021-12-11 16:42:42,29.5833,-9.5,66.33,24,0,4.41
424,Serebryanyy Bor,RU,2021-12-11 16:42:42,56.8,124.8,-23.93,100,99,2.55
425,Jurm,AF,2021-12-11 16:42:42,36.8648,70.8342,37.33,34,0,3.33
426,Svetlaya,RU,2021-12-11 16:42:43,46.5389,138.3297,28.11,76,96,4.27
427,Grand Gaube,MU,2021-12-11 16:42:43,-20.0064,57.6608,79.38,69,99,7.0
428,Banda Aceh,ID,2021-12-11 16:42:43,5.5577,95.3222,78.31,86,7,11.74
429,Muhos,FI,2021-12-11 16:42:43,64.808,25.9931,28.71,92,100,7.31
430,Det Udom,TH,2021-12-11 16:42:44,14.906,105.0784,71.42,79,91,6.42
431,Porosozero,RU,2021-12-11 16:42:44,62.7191,32.727,16.52,91,99,7.63
432,Hamilton,US,2021-12-11 16:38:41,39.1834,-84.5333,55.47,84,88,4.0
433,Batemans Bay,AU,2021-12-11 16:42:44,-35.7167,150.1833,57.09,92,34,5.82
434,Mercedes,AR,2021-12-11 16:42:45,-34.6515,-59.4307,88.86,29,56,5.44
435,Grasten,DK,2021-12-11 16:42:45,54.9192,9.5952,40.08,94,38,5.75
436,Camopi,GF,2021-12-11 16:42:45,3.1655,-52.3158,81.3,87,97,5.06
437,Le Port,RE,2021-12-11 16:42:46,-20.9373,55.2919,78.76,74,74,3.4
438,Kudahuvadhoo,MV,2021-12-11 16:42:46,2.6708,72.8944,81.88,75,34,8.08
439,Atasu,KZ,2021-12-11 16:42:46,48.6814,71.6433,12.76,84,95,4.56
440,Cabudare,VE,2021-12-11 16:42:47,10.0289,-69.0894,86.25,34,27,6.93
441,Peace River,CA,2021-12-11 16:42:47,56.2501,-117.286,25.11,74,90,14.97
442,Palmer,US,2021-12-11 16:40:45,42.1584,-72.3287,57.15,100,90,4.61
443,Luwuk,ID,2021-12-11 16:42:47,-0.9516,122.7875,78.37,87,100,3.44
444,Olinda,BR,2021-12-11 16:42:48,-8.0089,-34.8553,87.53,58,20,12.66
445,Borba,BR,2021-12-11 16:42:48,-4.3878,-59.5939,87.89,69,86,4.05
446,Hobyo,SO,2021-12-11 16:42:48,5.3505,48.5268,78.82,76,15,16.58
447,Mackay,AU,2021-12-11 16:42:49,-21.15,149.2,74.05,94,40,5.75
448,Deputatskiy,RU,2021-12-11 16:42:49,69.3,139.9,-21.14,100,100,1.39
449,Balkhash,KZ,2021-12-11 16:42:49,46.844,74.9804,24.44,70,100,9.26
450,Male,MV,2021-12-11 16:39:26,4.1748,73.5089,82.35,83,75,12.66
451,Burnie,AU,2021-12-11 16:42:50,-41.0667,145.9167,53.92,71,86,10.69
452,Padang,ID,2021-12-11 16:42:50,-0.9492,100.3543,75.25,88,99,4.12
453,Havelock,US,2021-12-11 16:42:50,34.8791,-76.9013,76.98,88,74,14.0
454,Rosarito,MX,2021-12-11 16:42:50,32.3333,-117.0333,59.23,26,0,3.42
455,Okhotsk,RU,2021-12-11 16:42:51,59.3833,143.3,-4.49,83,100,12.75
456,Nyuksenitsa,RU,2021-12-11 16:42:51,60.4128,44.2397,3.42,96,87,4.94
457,Yamada,JP,2021-12-11 16:42:51,39.4667,141.95,42.78,78,93,5.53
458,Ostrovnoy,RU,2021-12-11 16:43:52,68.0531,39.5131,25.61,92,100,19.48
459,Kysyl-Syr,RU,2021-12-11 16:43:52,63.8986,122.7617,-15.41,100,99,2.91
460,Sabha,LY,2021-12-11 16:43:52,27.0377,14.4283,59.38,30,100,5.82
461,Poli,TZ,2021-12-11 16:43:53,-3.3333,36.8,73.67,85,70,6.26
462,Riverton,US,2021-12-11 16:40:07,40.5219,-111.9391,27.81,70,1,8.01
463,Semey,KZ,2021-12-11 16:43:53,50.4111,80.2275,14.14,70,81,17.09
464,Marandahalli,IN,2021-12-11 16:43:53,12.4,78.0,68.23,96,13,5.32
465,Bubaque,GW,2021-12-11 16:43:54,11.2833,-15.8333,81.43,68,70,12.41
466,Port-Gentil,GA,2021-12-11 16:43:54,-0.7193,8.7815,78.76,94,90,4.61
467,Bathsheba,BB,2021-12-11 16:43:54,13.2167,-59.5167,84.81,70,75,21.85
468,Ovruch,UA,2021-12-11 16:43:55,51.3246,28.8035,42.37,97,100,6.89
469,Lata,PT,2021-12-11 16:43:55,40.1629,-8.3327,57.07,90,13,3.67
470,Rakaia,NZ,2021-12-11 16:43:55,-43.75,172.0167,52.72,68,100,3.38
471,Sydney Mines,CA,2021-12-11 16:43:55,46.2367,-60.2177,39.99,93,90,1.01
472,Kupang,ID,2021-12-11 16:43:56,-10.1667,123.5833,80.31,85,98,2.68
473,Neiafu,TO,2021-12-11 16:43:56,-18.65,-173.9833,79.48,89,40,6.91
474,Matara,LK,2021-12-11 16:43:56,5.9485,80.5353,77.18,87,30,7.92
475,Sarangani,PH,2021-12-11 16:43:57,5.4033,125.4636,83.55,77,95,14.47
476,Asau,RO,2021-12-11 16:43:57,46.4333,26.4,41.95,81,97,3.22
477,Ponta Delgada,PT,2021-12-11 16:43:58,37.7333,-25.6667,66.92,77,40,14.97
478,Lapinig,PH,2021-12-11 16:43:58,12.3151,125.3032,77.77,93,85,8.97
479,Cidreira,BR,2021-12-11 16:42:29,-30.1811,-50.2056,72.68,62,47,8.9
480,Praia,CV,2021-12-11 16:40:13,14.9215,-23.5087,79.34,61,0,18.41
481,Cockburn Town,TC,2021-12-11 16:41:49,21.4612,-71.1419,80.38,73,1,21.36
482,Avera,US,2021-12-11 16:43:57,33.194,-82.5271,70.45,80,99,14.56
483,Moengo,SR,2021-12-11 16:43:59,5.6167,-54.4,83.75,78,98,5.03
484,Stephenville Crossing,CA,2021-12-11 16:43:59,48.5,-58.4318,33.93,80,90,14.97
485,Anadyr,RU,2021-12-11 16:43:59,64.75,177.4833,-25.1,75,0,8.95
486,Tezu,IN,2021-12-11 16:44:00,27.9167,96.1667,60.49,58,0,4.09
487,Broken Hill,AU,2021-12-11 16:44:00,-31.95,141.4333,65.91,30,26,6.91
488,Kharp,RU,2021-12-11 16:44:00,66.8014,65.8081,6.91,90,41,8.23
489,Kachug,RU,2021-12-11 16:44:01,53.9606,105.8817,-1.48,99,97,2.73
490,Robertsport,LR,2021-12-11 16:44:01,6.7533,-11.3686,83.52,71,87,8.57
491,Cururupu,BR,2021-12-11 16:44:01,-1.8283,-44.8683,87.48,59,84,8.14
492,Kunming,CN,2021-12-11 16:44:01,25.0389,102.7183,51.73,82,75,6.71
493,Albanel,CA,2021-12-11 16:44:02,48.8832,-72.4487,24.94,86,100,4.61
494,Konstantinovka,RU,2021-12-11 16:44:02,49.6167,127.9833,13.71,95,100,9.33
495,Thakurgaon,BD,2021-12-11 16:44:02,26.0333,88.4667,62.58,35,0,7.56
496,San Cristobal,VE,2021-12-11 16:44:03,7.7669,-72.225,75.38,54,76,3.76
497,Te Anau,NZ,2021-12-11 16:44:03,-45.4167,167.7167,37.04,91,13,3.29
498,Fort-Shevchenko,KZ,2021-12-11 16:44:03,44.5086,50.263,40.03,80,100,10.74
499,Ilhabela,BR,2021-12-11 16:44:04,-23.7781,-45.3581,79.3,63,1,6.49
500,Racine,US,2021-12-11 16:42:46,42.7495,-88.0751,34.68,92,100,11.01
501,Whitehorse,CA,2021-12-11 16:40:10,60.7161,-135.0538,11.17,84,90,8.99
502,Rovaniemi,FI,2021-12-11 16:44:04,66.5,25.7167,24.21,100,90,5.75
503,Mangaldai,IN,2021-12-11 16:44:04,26.4333,92.0333,62.51,64,0,0.76
504,Kathu,TH,2021-12-11 16:45:05,7.9178,98.3332,78.62,76,19,12.68
505,Barcelos,PT,2021-12-11 16:45:05,41.5388,-8.6151,57.29,88,39,4.68
506,Ahuimanu,US,2021-12-11 16:45:06,21.4447,-157.8378,73.11,74,20,16.11
507,Batetskiy,RU,2021-12-11 16:45:06,58.6461,30.3027,28.96,93,100,10.04
508,Shenkursk,RU,2021-12-11 16:45:06,62.1091,42.896,9.82,89,75,8.14
509,Lipin Bor,RU,2021-12-11 16:45:06,60.2622,37.9763,10.69,86,98,9.17
510,Port Lincoln,AU,2021-12-11 16:45:07,-34.7333,135.8667,63.12,78,10,11.88
511,La Ronge,CA,2021-12-11 16:45:07,55.1001,-105.2842,10.65,85,75,3.44
512,Berdigestyakh,RU,2021-12-11 16:45:07,62.0989,126.6992,-18.72,100,99,1.81
513,Viedma,AR,2021-12-11 16:41:18,-40.8135,-62.9967,91.08,27,74,17.76
514,Suileng,CN,2021-12-11 16:45:08,47.25,127.0833,17.44,96,100,8.32
515,Krasnoslobodsk,RU,2021-12-11 16:45:08,48.7072,44.5714,30.02,86,90,11.18
516,Jieshi,CN,2021-12-11 16:45:08,22.8134,115.8257,64.45,88,3,13.47
517,Coolum Beach,AU,2021-12-11 16:45:09,-26.5333,153.1,73.11,90,62,8.81
518,Tumut,AU,2021-12-11 16:45:09,-35.3,148.2167,58.19,91,16,3.58
519,Tromso,NO,2021-12-11 16:45:09,69.6496,18.957,25.38,86,0,3.44
520,Sikasso,ML,2021-12-11 16:45:10,10.9167,-7.0,93.56,11,77,2.17
521,Nueva Helvecia,UY,2021-12-11 16:45:10,-34.3,-57.2333,78.35,36,6,7.52
522,Gravdal,NO,2021-12-11 16:45:10,68.1214,13.5031,35.06,71,100,11.21
523,Dersca,RO,2021-12-11 16:45:10,47.9833,26.2,39.49,92,97,2.98
524,Alexandria,EG,2021-12-11 16:45:11,31.2156,29.9553,66.16,77,0,4.61
525,Norsup,VU,2021-12-11 16:45:11,-16.0667,167.3833,81.54,82,100,9.91
526,Tautira,PF,2021-12-11 16:45:12,-17.7333,-149.15,78.82,70,48,10.38
527,Tongliao,CN,2021-12-11 16:45:12,43.6125,122.2653,12.63,75,0,12.48
528,Santa Marta,CO,2021-12-11 16:43:34,11.2408,-74.199,87.85,62,75,5.75
529,Mangrol,IN,2021-12-11 16:45:12,21.1167,70.1167,75.25,51,0,9.51
530,Panama City,PA,2021-12-11 16:43:23,8.9936,-79.5197,89.13,59,40,4.61
531,Ixtapa,MX,2021-12-11 16:45:13,20.7,-105.2,84.69,28,92,3.27
532,Dindori,IN,2021-12-11 16:45:13,22.95,81.0833,53.19,35,0,3.58
533,Abu Dhabi,AE,2021-12-11 16:45:13,24.4667,54.3667,75.31,65,0,2.3
534,Laurel,US,2021-12-11 16:45:14,39.0993,-76.8483,65.7,86,90,3.0
535,Ocos,GT,2021-12-11 16:45:14,14.5094,-92.1933,90.73,66,0,4.52
536,College,US,2021-12-11 16:45:14,64.8569,-147.8028,1.58,79,90,8.05
537,Pacific Grove,US,2021-12-11 16:42:15,36.6177,-121.9166,53.56,70,1,0.0
538,Warwick,US,2021-12-11 16:41:08,41.7001,-71.4162,60.84,93,90,23.02
539,Hoquiam,US,2021-12-11 16:45:15,46.9809,-123.8893,49.98,91,90,16.11
540,Arlit,NE,2021-12-11 16:45:15,18.7369,7.3853,73.53,8,81,4.38
541,Canico,PT,2021-12-11 16:45:15,32.6333,-16.85,69.01,77,75,3.0
542,Hinche,HT,2021-12-11 16:45:16,19.15,-72.0167,85.42,45,3,5.44
